model_name,rmse,r2
XGBoost,0.37814947088506773,0.8624747544884005
Random Forest,0.5193503460262019,0.7405962288641359
Linear Regression,0.6269958180079223,0.6219191130585724
